E,E^2,E^4,M,M^2,M^4,E_err,M_err
-3318.400000,11021292.800000,121875032702259.203125,1042.200000,1092285.200000,1219498790868.800049,-nan,-nan
-3318.400000,11021292.800000,121875032702259.203125,1042.200000,1092285.200000,1219498790868.800049,-nan,-nan
-3318.400000,11021292.800000,121875032702259.203125,1042.200000,1092285.200000,1219498790868.800049,-nan,-nan
-3318.400000,11021292.800000,121875032702259.203125,1042.200000,1092285.200000,1219498790868.800049,-nan,-nan
-3318.400000,11021292.800000,121875032702259.203125,1042.200000,1092285.200000,1219498790868.800049,-nan,-nan
-3318.400000,11021292.800000,121875032702259.203125,1042.200000,1092285.200000,1219498790868.800049,-nan,-nan
-3318.400000,11021292.800000,121875032702259.203125,1042.200000,1092285.200000,1219498790868.800049,-nan,-nan
-3318.400000,11021292.800000,121875032702259.203125,1042.200000,1092285.200000,1219498790868.800049,-nan,-nan
-3318.400000,11021292.800000,121875032702259.203125,1042.200000,1092285.200000,1219498790868.800049,-nan,-nan
-3362.600000,11320421.600000,128750262413657.593750,1126.400000,1283302.800000,1721103779361.600098,44.200000,84.200000
-3362.600000,11320421.600000,128750262413657.593750,1126.400000,1283302.800000,1721103779361.600098,44.200000,84.200000
-3362.600000,11320421.600000,128750262413657.593750,1126.400000,1283302.800000,1721103779361.600098,44.200000,84.200000
-3362.600000,11320421.600000,128750262413657.593750,1126.400000,1283302.800000,1721103779361.600098,44.200000,84.200000
-3362.600000,11320421.600000,128750262413657.593750,1126.400000,1283302.800000,1721103779361.600098,44.200000,84.200000
-3362.600000,11320421.600000,128750262413657.593750,1126.400000,1283302.800000,1721103779361.600098,44.200000,84.200000
-3362.600000,11320421.600000,128750262413657.593750,1126.400000,1283302.800000,1721103779361.600098,44.200000,84.200000
-3362.600000,11320421.600000,128750262413657.593750,1126.400000,1283302.800000,1721103779361.600098,44.200000,84.200000
-3362.600000,11320421.600000,128750262413657.593750,1126.400000,1283302.800000,1721103779361.600098,44.200000,84.200000
-3362.600000,11320421.600000,128750262413657.593750,1126.400000,1283302.800000,1721103779361.600098,44.200000,84.200000
-3418.533333,11705705.066667,137926005222442.671875,1175.600000,1397824.000000,2037997129939.199951,61.479680,69.165406
-3418.533333,11705705.066667,137926005222442.671875,1175.600000,1397824.000000,2037997129939.199951,61.479680,69.165406
-3418.533333,11705705.066667,137926005222442.671875,1175.600000,1397824.000000,2037997129939.199951,61.479680,69.165406
-3418.533333,11705705.066667,137926005222442.671875,1175.600000,1397824.000000,2037997129939.199951,61.479680,69.165406
-3418.533333,11705705.066667,137926005222442.671875,1175.600000,1397824.000000,2037997129939.199951,61.479680,69.165406
-3418.533333,11705705.066667,137926005222442.671875,1175.600000,1397824.000000,2037997129939.199951,61.479680,69.165406
-3418.533333,11705705.066667,137926005222442.671875,1175.600000,1397824.000000,2037997129939.199951,61.479680,69.165406
-3418.533333,11705705.066667,137926005222442.671875,1175.600000,1397824.000000,2037997129939.199951,61.479680,69.165406
-3418.533333,11705705.066667,137926005222442.671875,1175.600000,1397824.000000,2037997129939.199951,61.479680,69.165406
-3418.533333,11705705.066667,137926005222442.671875,1175.600000,1397824.000000,2037997129939.199951,61.479680,69.165406
-3477.900000,12123226.000000,148296242591852.812500,1241.850000,1568125.100000,2616568649006.000000,73.581769,82.346762
-3477.900000,12123226.000000,148296242591852.812500,1241.850000,1568125.100000,2616568649006.000000,73.581769,82.346762
-3477.900000,12123226.000000,148296242591852.812500,1241.850000,1568125.100000,2616568649006.000000,73.581769,82.346762
-3477.900000,12123226.000000,148296242591852.812500,1241.850000,1568125.100000,2616568649006.000000,73.581769,82.346762
-3477.900000,12123226.000000,148296242591852.812500,1241.850000,1568125.100000,2616568649006.000000,73.581769,82.346762
-3477.900000,12123226.000000,148296242591852.812500,1241.850000,1568125.100000,2616568649006.000000,73.581769,82.346762
-3477.900000,12123226.000000,148296242591852.812500,1241.850000,1568125.100000,2616568649006.000000,73.581769,82.346762
-3477.900000,12123226.000000,148296242591852.812500,1241.850000,1568125.100000,2616568649006.000000,73.581769,82.346762
-3477.900000,12123226.000000,148296242591852.812500,1241.850000,1568125.100000,2616568649006.000000,73.581769,82.346762
-3477.900000,12123226.000000,148296242591852.812500,1241.850000,1568125.100000,2616568649006.000000,73.581769,82.346762
-3487.200000,12185206.400000,149670486152099.843750,1253.400000,1592663.920000,2667532949859.520020,57.749944,64.822805
-3487.200000,12185206.400000,149670486152099.843750,1253.400000,1592663.920000,2667532949859.520020,57.749944,64.822805
-3487.200000,12185206.400000,149670486152099.843750,1253.400000,1592663.920000,2667532949859.520020,57.749944,64.822805
-3487.200000,12185206.400000,149670486152099.843750,1253.400000,1592663.920000,2667532949859.520020,57.749944,64.822805
-3487.200000,12185206.400000,149670486152099.843750,1253.400000,1592663.920000,2667532949859.520020,57.749944,64.822805
-3487.200000,12185206.400000,149670486152099.843750,1253.400000,1592663.920000,2667532949859.520020,57.749944,64.822805
-3487.200000,12185206.400000,149670486152099.843750,1253.400000,1592663.920000,2667532949859.520020,57.749944,64.822805
-3487.200000,12185206.400000,149670486152099.843750,1253.400000,1592663.920000,2667532949859.520020,57.749944,64.822805
-3487.200000,12185206.400000,149670486152099.843750,1253.400000,1592663.920000,2667532949859.520020,57.749944,64.822805
-3487.200000,12185206.400000,149670486152099.843750,1253.400000,1592663.920000,2667532949859.520020,57.749944,64.822805
-3466.800000,12043112.533333,146212633594453.343750,1243.866667,1566003.866667,2566806327055.466309,51.376363,53.779319
-3466.800000,12043112.533333,146212633594453.343750,1243.866667,1566003.866667,2566806327055.466309,51.376363,53.779319
-3466.800000,12043112.533333,146212633594453.343750,1243.866667,1566003.866667,2566806327055.466309,51.376363,53.779319
-3466.800000,12043112.533333,146212633594453.343750,1243.866667,1566003.866667,2566806327055.466309,51.376363,53.779319
-3466.800000,12043112.533333,146212633594453.343750,1243.866667,1566003.866667,2566806327055.466309,51.376363,53.779319
-3466.800000,12043112.533333,146212633594453.343750,1243.866667,1566003.866667,2566806327055.466309,51.376363,53.779319
-3466.800000,12043112.533333,146212633594453.343750,1243.866667,1566003.866667,2566806327055.466309,51.376363,53.779319
-3466.800000,12043112.533333,146212633594453.343750,1243.866667,1566003.866667,2566806327055.466309,51.376363,53.779319
-3466.800000,12043112.533333,146212633594453.343750,1243.866667,1566003.866667,2566806327055.466309,51.376363,53.779319
-3466.800000,12043112.533333,146212633594453.343750,1243.866667,1566003.866667,2566806327055.466309,51.376363,53.779319
-3473.428571,12086380.571429,147123997093474.750000,1255.628571,1595038.685714,2657868420118.171387,43.923991,46.949019
-3473.428571,12086380.571429,147123997093474.750000,1255.628571,1595038.685714,2657868420118.171387,43.923991,46.949019
-3473.428571,12086380.571429,147123997093474.750000,1255.628571,1595038.685714,2657868420118.171387,43.923991,46.949019
-3473.428571,12086380.571429,147123997093474.750000,1255.628571,1595038.685714,2657868420118.171387,43.923991,46.949019
-3473.428571,12086380.571429,147123997093474.750000,1255.628571,1595038.685714,2657868420118.171387,43.923991,46.949019
-3473.428571,12086380.571429,147123997093474.750000,1255.628571,1595038.685714,2657868420118.171387,43.923991,46.949019
-3473.428571,12086380.571429,147123997093474.750000,1255.628571,1595038.685714,2657868420118.171387,43.923991,46.949019
-3473.428571,12086380.571429,147123997093474.750000,1255.628571,1595038.685714,2657868420118.171387,43.923991,46.949019
-3473.428571,12086380.571429,147123997093474.750000,1255.628571,1595038.685714,2657868420118.171387,43.923991,46.949019
-3473.428571,12086380.571429,147123997093474.750000,1255.628571,1595038.685714,2657868420118.171387,43.923991,46.949019
-3502.800000,12296501.600000,152528589420300.812500,1287.075000,1679968.450000,2975383628372.200195,48.059011,51.400736
-3502.800000,12296501.600000,152528589420300.812500,1287.075000,1679968.450000,2975383628372.200195,48.059011,51.400736
-3502.800000,12296501.600000,152528589420300.812500,1287.075000,1679968.450000,2975383628372.200195,48.059011,51.400736
-3502.800000,12296501.600000,152528589420300.812500,1287.075000,1679968.450000,2975383628372.200195,48.059011,51.400736
-3502.800000,12296501.600000,152528589420300.812500,1287.075000,1679968.450000,2975383628372.200195,48.059011,51.400736
-3502.800000,12296501.600000,152528589420300.812500,1287.075000,1679968.450000,2975383628372.200195,48.059011,51.400736
-3502.800000,12296501.600000,152528589420300.812500,1287.075000,1679968.450000,2975383628372.200195,48.059011,51.400736
-3502.800000,12296501.600000,152528589420300.812500,1287.075000,1679968.450000,2975383628372.200195,48.059011,51.400736
-3502.800000,12296501.600000,152528589420300.812500,1287.075000,1679968.450000,2975383628372.200195,48.059011,51.400736
-3502.800000,12296501.600000,152528589420300.812500,1287.075000,1679968.450000,2975383628372.200195,48.059011,51.400736
-3517.244444,12397305.600000,154989150116727.468750,1320.733333,1774329.200000,3356805582801.600098,44.777794,56.460606
-3517.244444,12397305.600000,154989150116727.468750,1320.733333,1774329.200000,3356805582801.600098,44.777794,56.460606
-3517.244444,12397305.600000,154989150116727.468750,1320.733333,1774329.200000,3356805582801.600098,44.777794,56.460606
-3517.244444,12397305.600000,154989150116727.468750,1320.733333,1774329.200000,3356805582801.600098,44.777794,56.460606
-3517.244444,12397305.600000,154989150116727.468750,1320.733333,1774329.200000,3356805582801.600098,44.777794,56.460606
-3517.244444,12397305.600000,154989150116727.468750,1320.733333,1774329.200000,3356805582801.600098,44.777794,56.460606
-3517.244444,12397305.600000,154989150116727.468750,1320.733333,1774329.200000,3356805582801.600098,44.777794,56.460606
-3517.244444,12397305.600000,154989150116727.468750,1320.733333,1774329.200000,3356805582801.600098,44.777794,56.460606
-3517.244444,12397305.600000,154989150116727.468750,1320.733333,1774329.200000,3356805582801.600098,44.777794,56.460606
-3517.244444,12397305.600000,154989150116727.468750,1320.733333,1774329.200000,3356805582801.600098,44.777794,56.460606
-3515.080000,12379991.840000,154457392057786.875000,1347.980000,1850852.600000,3667336461864.799805,40.108921,57.381363
-3515.080000,12379991.840000,154457392057786.875000,1347.980000,1850852.600000,3667336461864.799805,40.108921,57.381363
-3515.080000,12379991.840000,154457392057786.875000,1347.980000,1850852.600000,3667336461864.799805,40.108921,57.381363
-3515.080000,12379991.840000,154457392057786.875000,1347.980000,1850852.600000,3667336461864.799805,40.108921,57.381363
-3515.080000,12379991.840000,154457392057786.875000,1347.980000,1850852.600000,3667336461864.799805,40.108921,57.381363
-3515.080000,12379991.840000,154457392057786.875000,1347.980000,1850852.600000,3667336461864.799805,40.108921,57.381363
-3515.080000,12379991.840000,154457392057786.875000,1347.980000,1850852.600000,3667336461864.799805,40.108921,57.381363
-3515.080000,12379991.840000,154457392057786.875000,1347.980000,1850852.600000,3667336461864.799805,40.108921,57.381363
-3515.080000,12379991.840000,154457392057786.875000,1347.980000,1850852.600000,3667336461864.799805,40.108921,57.381363
-3515.080000,12379991.840000,154457392057786.875000,1347.980000,1850852.600000,3667336461864.799805,40.108921,57.381363
-3504.945455,12308014.545455,152639670084449.750000,1351.181818,1857282.218182,3675265073626.909180,37.668806,52.002059
-3504.945455,12308014.545455,152639670084449.750000,1351.181818,1857282.218182,3675265073626.909180,37.668806,52.002059
-3504.945455,12308014.545455,152639670084449.750000,1351.181818,1857282.218182,3675265073626.909180,37.668806,52.002059
-3504.945455,12308014.545455,152639670084449.750000,1351.181818,1857282.218182,3675265073626.909180,37.668806,52.002059
-3504.945455,12308014.545455,152639670084449.750000,1351.181818,1857282.218182,3675265073626.909180,37.668806,52.002059
-3504.945455,12308014.545455,152639670084449.750000,1351.181818,1857282.218182,3675265073626.909180,37.668806,52.002059
-3504.945455,12308014.545455,152639670084449.750000,1351.181818,1857282.218182,3675265073626.909180,37.668806,52.002059
-3504.945455,12308014.545455,152639670084449.750000,1351.181818,1857282.218182,3675265073626.909180,37.668806,52.002059
-3504.945455,12308014.545455,152639670084449.750000,1351.181818,1857282.218182,3675265073626.909180,37.668806,52.002059
-3504.945455,12308014.545455,152639670084449.750000,1351.181818,1857282.218182,3675265073626.909180,37.668806,52.002059
-3485.900000,12177712.933333,149573918185461.343750,1340.716667,1827968.500000,3559520654616.399902,39.308758,48.611019
-3485.900000,12177712.933333,149573918185461.343750,1340.716667,1827968.500000,3559520654616.399902,39.308758,48.611019
-3485.900000,12177712.933333,149573918185461.343750,1340.716667,1827968.500000,3559520654616.399902,39.308758,48.611019
-3485.900000,12177712.933333,149573918185461.343750,1340.716667,1827968.500000,3559520654616.399902,39.308758,48.611019
-3485.900000,12177712.933333,149573918185461.343750,1340.716667,1827968.500000,3559520654616.399902,39.308758,48.611019
-3485.900000,12177712.933333,149573918185461.343750,1340.716667,1827968.500000,3559520654616.399902,39.308758,48.611019
-3485.900000,12177712.933333,149573918185461.343750,1340.716667,1827968.500000,3559520654616.399902,39.308758,48.611019
-3485.900000,12177712.933333,149573918185461.343750,1340.716667,1827968.500000,3559520654616.399902,39.308758,48.611019
-3485.900000,12177712.933333,149573918185461.343750,1340.716667,1827968.500000,3559520654616.399902,39.308758,48.611019
-3485.900000,12177712.933333,149573918185461.343750,1340.716667,1827968.500000,3559520654616.399902,39.308758,48.611019
-3483.538462,12160300.676923,149103012531465.843750,1332.338462,1804190.523077,3463877023066.091797,36.235833,45.493761
-3483.538462,12160300.676923,149103012531465.843750,1332.338462,1804190.523077,3463877023066.091797,36.235833,45.493761
-3483.538462,12160300.676923,149103012531465.843750,1332.338462,1804190.523077,3463877023066.091797,36.235833,45.493761
-3483.538462,12160300.676923,149103012531465.843750,1332.338462,1804190.523077,3463877023066.091797,36.235833,45.493761
-3483.538462,12160300.676923,149103012531465.843750,1332.338462,1804190.523077,3463877023066.091797,36.235833,45.493761
-3483.538462,12160300.676923,149103012531465.843750,1332.338462,1804190.523077,3463877023066.091797,36.235833,45.493761
-3483.538462,12160300.676923,149103012531465.843750,1332.338462,1804190.523077,3463877023066.091797,36.235833,45.493761
-3483.538462,12160300.676923,149103012531465.843750,1332.338462,1804190.523077,3463877023066.091797,36.235833,45.493761
-3483.538462,12160300.676923,149103012531465.843750,1332.338462,1804190.523077,3463877023066.091797,36.235833,45.493761
-3483.538462,12160300.676923,149103012531465.843750,1332.338462,1804190.523077,3463877023066.091797,36.235833,45.493761
-3475.200000,12101638.628571,147648612686537.156250,1324.557143,1782542.828571,3379248027825.256836,34.568613,42.831790
-3475.200000,12101638.628571,147648612686537.156250,1324.557143,1782542.828571,3379248027825.256836,34.568613,42.831790
-3475.200000,12101638.628571,147648612686537.156250,1324.557143,1782542.828571,3379248027825.256836,34.568613,42.831790
-3475.200000,12101638.628571,147648612686537.156250,1324.557143,1782542.828571,3379248027825.256836,34.568613,42.831790
-3475.200000,12101638.628571,147648612686537.156250,1324.557143,1782542.828571,3379248027825.256836,34.568613,42.831790
-3475.200000,12101638.628571,147648612686537.156250,1324.557143,1782542.828571,3379248027825.256836,34.568613,42.831790
-3475.200000,12101638.628571,147648612686537.156250,1324.557143,1782542.828571,3379248027825.256836,34.568613,42.831790
-3475.200000,12101638.628571,147648612686537.156250,1324.557143,1782542.828571,3379248027825.256836,34.568613,42.831790
-3475.200000,12101638.628571,147648612686537.156250,1324.557143,1782542.828571,3379248027825.256836,34.568613,42.831790
-3475.200000,12101638.628571,147648612686537.156250,1324.557143,1782542.828571,3379248027825.256836,34.568613,42.831790
-3459.040000,11991911.893333,145107155520433.500000,1311.600000,1749424.906667,3267031378896.426270,36.011147,41.926621
-3459.040000,11991911.893333,145107155520433.500000,1311.600000,1749424.906667,3267031378896.426270,36.011147,41.926621
-3459.040000,11991911.893333,145107155520433.500000,1311.600000,1749424.906667,3267031378896.426270,36.011147,41.926621
-3459.040000,11991911.893333,145107155520433.500000,1311.600000,1749424.906667,3267031378896.426270,36.011147,41.926621
-3459.040000,11991911.893333,145107155520433.500000,1311.600000,1749424.906667,3267031378896.426270,36.011147,41.926621
-3459.040000,11991911.893333,145107155520433.500000,1311.600000,1749424.906667,3267031378896.426270,36.011147,41.926621
-3459.040000,11991911.893333,145107155520433.500000,1311.600000,1749424.906667,3267031378896.426270,36.011147,41.926621
-3459.040000,11991911.893333,145107155520433.500000,1311.600000,1749424.906667,3267031378896.426270,36.011147,41.926621
-3459.040000,11991911.893333,145107155520433.500000,1311.600000,1749424.906667,3267031378896.426270,36.011147,41.926621
-3459.040000,11991911.893333,145107155520433.500000,1311.600000,1749424.906667,3267031378896.426270,36.011147,41.926621
-3456.600000,11974060.400000,144630730815795.218750,1302.025000,1724150.100000,3176918958919.199219,33.773599,40.370682
-3456.600000,11974060.400000,144630730815795.218750,1302.025000,1724150.100000,3176918958919.199219,33.773599,40.370682
-3456.600000,11974060.400000,144630730815795.218750,1302.025000,1724150.100000,3176918958919.199219,33.773599,40.370682
-3456.600000,11974060.400000,144630730815795.218750,1302.025000,1724150.100000,3176918958919.199219,33.773599,40.370682
-3456.600000,11974060.400000,144630730815795.218750,1302.025000,1724150.100000,3176918958919.199219,33.773599,40.370682
-3456.600000,11974060.400000,144630730815795.218750,1302.025000,1724150.100000,3176918958919.199219,33.773599,40.370682
-3456.600000,11974060.400000,144630730815795.218750,1302.025000,1724150.100000,3176918958919.199219,33.773599,40.370682
-3456.600000,11974060.400000,144630730815795.218750,1302.025000,1724150.100000,3176918958919.199219,33.773599,40.370682
-3456.600000,11974060.400000,144630730815795.218750,1302.025000,1724150.100000,3176918958919.199219,33.773599,40.370682
-3456.600000,11974060.400000,144630730815795.218750,1302.025000,1724150.100000,3176918958919.199219,33.773599,40.370682
-3451.788235,11940284.141176,143795837064545.906250,1295.670588,1707118.823529,3114068308481.316895,32.087603,38.450361
-3451.788235,11940284.141176,143795837064545.906250,1295.670588,1707118.823529,3114068308481.316895,32.087603,38.450361
-3451.788235,11940284.141176,143795837064545.906250,1295.670588,1707118.823529,3114068308481.316895,32.087603,38.450361
-3451.788235,11940284.141176,143795837064545.906250,1295.670588,1707118.823529,3114068308481.316895,32.087603,38.450361
-3451.788235,11940284.141176,143795837064545.906250,1295.670588,1707118.823529,3114068308481.316895,32.087603,38.450361
-3451.788235,11940284.141176,143795837064545.906250,1295.670588,1707118.823529,3114068308481.316895,32.087603,38.450361
-3451.788235,11940284.141176,143795837064545.906250,1295.670588,1707118.823529,3114068308481.316895,32.087603,38.450361
-3451.788235,11940284.141176,143795837064545.906250,1295.670588,1707118.823529,3114068308481.316895,32.087603,38.450361
-3451.788235,11940284.141176,143795837064545.906250,1295.670588,1707118.823529,3114068308481.316895,32.087603,38.450361
-3451.788235,11940284.141176,143795837064545.906250,1295.670588,1707118.823529,3114068308481.316895,32.087603,38.450361
-3448.400000,11916280.888889,143192540006047.312500,1287.333333,1685525.333333,3039298898550.399414,30.441630,37.197716
-3448.400000,11916280.888889,143192540006047.312500,1287.333333,1685525.333333,3039298898550.399414,30.441630,37.197716
-3448.400000,11916280.888889,143192540006047.312500,1287.333333,1685525.333333,3039298898550.399414,30.441630,37.197716
-3448.400000,11916280.888889,143192540006047.312500,1287.333333,1685525.333333,3039298898550.399414,30.441630,37.197716
-3448.400000,11916280.888889,143192540006047.312500,1287.333333,1685525.333333,3039298898550.399414,30.441630,37.197716
-3448.400000,11916280.888889,143192540006047.312500,1287.333333,1685525.333333,3039298898550.399414,30.441630,37.197716
-3448.400000,11916280.888889,143192540006047.312500,1287.333333,1685525.333333,3039298898550.399414,30.441630,37.197716
-3448.400000,11916280.888889,143192540006047.312500,1287.333333,1685525.333333,3039298898550.399414,30.441630,37.197716
-3448.400000,11916280.888889,143192540006047.312500,1287.333333,1685525.333333,3039298898550.399414,30.441630,37.197716
-3448.400000,11916280.888889,143192540006047.312500,1287.333333,1685525.333333,3039298898550.399414,30.441630,37.197716
-3447.242105,11907479.747368,142943240781239.250000,1285.578947,1679896.800000,3012502010018.525391,28.818170,35.229227
-3447.242105,11907479.747368,142943240781239.250000,1285.578947,1679896.800000,3012502010018.525391,28.818170,35.229227
-3447.242105,11907479.747368,142943240781239.250000,1285.578947,1679896.800000,3012502010018.525391,28.818170,35.229227
-3447.242105,11907479.747368,142943240781239.250000,1285.578947,1679896.800000,3012502010018.525391,28.818170,35.229227
-3447.242105,11907479.747368,142943240781239.250000,1285.578947,1679896.800000,3012502010018.525391,28.818170,35.229227
-3447.242105,11907479.747368,142943240781239.250000,1285.578947,1679896.800000,3012502010018.525391,28.818170,35.229227
-3447.242105,11907479.747368,142943240781239.250000,1285.578947,1679896.800000,3012502010018.525391,28.818170,35.229227
-3447.242105,11907479.747368,142943240781239.250000,1285.578947,1679896.800000,3012502010018.525391,28.818170,35.229227
-3447.242105,11907479.747368,142943240781239.250000,1285.578947,1679896.800000,3012502010018.525391,28.818170,35.229227
-3447.242105,11907479.747368,142943240781239.250000,1285.578947,1679896.800000,3012502010018.525391,28.818170,35.229227
-3447.940000,11911280.560000,142984970225770.250000,1290.210000,1691916.900000,3053922813580.559570,27.348223,33.740706
-3447.940000,11911280.560000,142984970225770.250000,1290.210000,1691916.900000,3053922813580.559570,27.348223,33.740706
-3447.940000,11911280.560000,142984970225770.250000,1290.210000,1691916.900000,3053922813580.559570,27.348223,33.740706
-3447.940000,11911280.560000,142984970225770.250000,1290.210000,1691916.900000,3053922813580.559570,27.348223,33.740706
-3447.940000,11911280.560000,142984970225770.250000,1290.210000,1691916.900000,3053922813580.559570,27.348223,33.740706
-3447.940000,11911280.560000,142984970225770.250000,1290.210000,1691916.900000,3053922813580.559570,27.348223,33.740706
-3447.940000,11911280.560000,142984970225770.250000,1290.210000,1691916.900000,3053922813580.559570,27.348223,33.740706
-3447.940000,11911280.560000,142984970225770.250000,1290.210000,1691916.900000,3053922813580.559570,27.348223,33.740706
-3447.940000,11911280.560000,142984970225770.250000,1290.210000,1691916.900000,3053922813580.559570,27.348223,33.740706
-3447.940000,11911280.560000,142984970225770.250000,1290.210000,1691916.900000,3053922813580.559570,27.348223,33.740706
-3455.009524,11960052.266667,144147546153986.437500,1305.961905,1736620.038095,3239568453951.694336,26.956863,35.751019
-3455.009524,11960052.266667,144147546153986.437500,1305.961905,1736620.038095,3239568453951.694336,26.956863,35.751019
-3455.009524,11960052.266667,144147546153986.437500,1305.961905,1736620.038095,3239568453951.694336,26.956863,35.751019
-3455.009524,11960052.266667,144147546153986.437500,1305.961905,1736620.038095,3239568453951.694336,26.956863,35.751019
-3455.009524,11960052.266667,144147546153986.437500,1305.961905,1736620.038095,3239568453951.694336,26.956863,35.751019
-3455.009524,11960052.266667,144147546153986.437500,1305.961905,1736620.038095,3239568453951.694336,26.956863,35.751019
-3455.009524,11960052.266667,144147546153986.437500,1305.961905,1736620.038095,3239568453951.694336,26.956863,35.751019
-3455.009524,11960052.266667,144147546153986.437500,1305.961905,1736620.038095,3239568453951.694336,26.956863,35.751019
-3455.009524,11960052.266667,144147546153986.437500,1305.961905,1736620.038095,3239568453951.694336,26.956863,35.751019
-3455.009524,11960052.266667,144147546153986.437500,1305.961905,1736620.038095,3239568453951.694336,26.956863,35.751019
-3461.327273,12003985.236364,145214200135825.468750,1324.854545,1792648.290909,3495896435063.271973,26.467438,38.972723
-3461.327273,12003985.236364,145214200135825.468750,1324.854545,1792648.290909,3495896435063.271973,26.467438,38.972723
-3461.327273,12003985.236364,145214200135825.468750,1324.854545,1792648.290909,3495896435063.271973,26.467438,38.972723
-3461.327273,12003985.236364,145214200135825.468750,1324.854545,1792648.290909,3495896435063.271973,26.467438,38.972723
-3461.327273,12003985.236364,145214200135825.468750,1324.854545,1792648.290909,3495896435063.271973,26.467438,38.972723
-3461.327273,12003985.236364,145214200135825.468750,1324.854545,1792648.290909,3495896435063.271973,26.467438,38.972723
-3461.327273,12003985.236364,145214200135825.468750,1324.854545,1792648.290909,3495896435063.271973,26.467438,38.972723
-3461.327273,12003985.236364,145214200135825.468750,1324.854545,1792648.290909,3495896435063.271973,26.467438,38.972723
-3461.327273,12003985.236364,145214200135825.468750,1324.854545,1792648.290909,3495896435063.271973,26.467438,38.972723
-3461.327273,12003985.236364,145214200135825.468750,1324.854545,1792648.290909,3495896435063.271973,26.467438,38.972723
-3467.843478,12049329.739130,146315352686951.531250,1345.434783,1855411.704348,3800776790619.060547,26.116489,42.548130
-3467.843478,12049329.739130,146315352686951.531250,1345.434783,1855411.704348,3800776790619.060547,26.116489,42.548130
-3467.843478,12049329.739130,146315352686951.531250,1345.434783,1855411.704348,3800776790619.060547,26.116489,42.548130
-3467.843478,12049329.739130,146315352686951.531250,1345.434783,1855411.704348,3800776790619.060547,26.116489,42.548130
-3467.843478,12049329.739130,146315352686951.531250,1345.434783,1855411.704348,3800776790619.060547,26.116489,42.548130
-3467.843478,12049329.739130,146315352686951.531250,1345.434783,1855411.704348,3800776790619.060547,26.116489,42.548130
-3467.843478,12049329.739130,146315352686951.531250,1345.434783,1855411.704348,3800776790619.060547,26.116489,42.548130
-3467.843478,12049329.739130,146315352686951.531250,1345.434783,1855411.704348,3800776790619.060547,26.116489,42.548130
-3467.843478,12049329.739130,146315352686951.531250,1345.434783,1855411.704348,3800776790619.060547,26.116489,42.548130
-3467.843478,12049329.739130,146315352686951.531250,1345.434783,1855411.704348,3800776790619.060547,26.116489,42.548130
-3470.500000,12067007.200000,146704697897958.437500,1358.233333,1892066.266667,3955984762797.866699,25.145354,42.699933
-3470.500000,12067007.200000,146704697897958.437500,1358.233333,1892066.266667,3955984762797.866699,25.145354,42.699933
-3470.500000,12067007.200000,146704697897958.437500,1358.233333,1892066.266667,3955984762797.866699,25.145354,42.699933
-3470.500000,12067007.200000,146704697897958.437500,1358.233333,1892066.266667,3955984762797.866699,25.145354,42.699933
-3470.500000,12067007.200000,146704697897958.437500,1358.233333,1892066.266667,3955984762797.866699,25.145354,42.699933
-3470.500000,12067007.200000,146704697897958.437500,1358.233333,1892066.266667,3955984762797.866699,25.145354,42.699933
-3470.500000,12067007.200000,146704697897958.437500,1358.233333,1892066.266667,3955984762797.866699,25.145354,42.699933
-3470.500000,12067007.200000,146704697897958.437500,1358.233333,1892066.266667,3955984762797.866699,25.145354,42.699933
-3470.500000,12067007.200000,146704697897958.437500,1358.233333,1892066.266667,3955984762797.866699,25.145354,42.699933
-3470.500000,12067007.200000,146704697897958.437500,1358.233333,1892066.266667,3955984762797.866699,25.145354,42.699933
-3474.016000,12091061.376000,147268299929856.031250,1365.800000,1912314.192000,4029207181155.647949,24.373510,41.649442
-3474.016000,12091061.376000,147268299929856.031250,1365.800000,1912314.192000,4029207181155.647949,24.373510,41.649442
-3474.016000,12091061.376000,147268299929856.031250,1365.800000,1912314.192000,4029207181155.647949,24.373510,41.649442
-3474.016000,12091061.376000,147268299929856.031250,1365.800000,1912314.192000,4029207181155.647949,24.373510,41.649442
-3474.016000,12091061.376000,147268299929856.031250,1365.800000,1912314.192000,4029207181155.647949,24.373510,41.649442
-3474.016000,12091061.376000,147268299929856.031250,1365.800000,1912314.192000,4029207181155.647949,24.373510,41.649442
-3474.016000,12091061.376000,147268299929856.031250,1365.800000,1912314.192000,4029207181155.647949,24.373510,41.649442
-3474.016000,12091061.376000,147268299929856.031250,1365.800000,1912314.192000,4029207181155.647949,24.373510,41.649442
-3474.016000,12091061.376000,147268299929856.031250,1365.800000,1912314.192000,4029207181155.647949,24.373510,41.649442
-3474.016000,12091061.376000,147268299929856.031250,1365.800000,1912314.192000,4029207181155.647949,24.373510,41.649442
-3477.830769,12117308.738462,147891151578146.500000,1369.300000,1920425.092308,4047930435889.908203,23.725997,40.168263
-3477.830769,12117308.738462,147891151578146.500000,1369.300000,1920425.092308,4047930435889.908203,23.725997,40.168263
-3477.830769,12117308.738462,147891151578146.500000,1369.300000,1920425.092308,4047930435889.908203,23.725997,40.168263
-3477.830769,12117308.738462,147891151578146.500000,1369.300000,1920425.092308,4047930435889.908203,23.725997,40.168263
-3477.830769,12117308.738462,147891151578146.500000,1369.300000,1920425.092308,4047930435889.908203,23.725997,40.168263
-3477.830769,12117308.738462,147891151578146.500000,1369.300000,1920425.092308,4047930435889.908203,23.725997,40.168263
-3477.830769,12117308.738462,147891151578146.500000,1369.300000,1920425.092308,4047930435889.908203,23.725997,40.168263
-3477.830769,12117308.738462,147891151578146.500000,1369.300000,1920425.092308,4047930435889.908203,23.725997,40.168263
-3477.830769,12117308.738462,147891151578146.500000,1369.300000,1920425.092308,4047930435889.908203,23.725997,40.168263
-3477.830769,12117308.738462,147891151578146.500000,1369.300000,1920425.092308,4047930435889.908203,23.725997,40.168263
-3478.385185,12120613.985185,147944839470608.156250,1368.859259,1917730.725926,4025884819912.059570,22.837082,38.654442
-3478.385185,12120613.985185,147944839470608.156250,1368.859259,1917730.725926,4025884819912.059570,22.837082,38.654442
-3478.385185,12120613.985185,147944839470608.156250,1368.859259,1917730.725926,4025884819912.059570,22.837082,38.654442
-3478.385185,12120613.985185,147944839470608.156250,1368.859259,1917730.725926,4025884819912.059570,22.837082,38.654442
-3478.385185,12120613.985185,147944839470608.156250,1368.859259,1917730.725926,4025884819912.059570,22.837082,38.654442
-3478.385185,12120613.985185,147944839470608.156250,1368.859259,1917730.725926,4025884819912.059570,22.837082,38.654442
-3478.385185,12120613.985185,147944839470608.156250,1368.859259,1917730.725926,4025884819912.059570,22.837082,38.654442
-3478.385185,12120613.985185,147944839470608.156250,1368.859259,1917730.725926,4025884819912.059570,22.837082,38.654442
-3478.385185,12120613.985185,147944839470608.156250,1368.859259,1917730.725926,4025884819912.059570,22.837082,38.654442
-3478.385185,12120613.985185,147944839470608.156250,1368.859259,1917730.725926,4025884819912.059570,22.837082,38.654442
-3478.071429,12117813.885714,147847213102221.750000,1368.914286,1916453.742857,4009627172975.657227,22.008599,37.248393
-3478.071429,12117813.885714,147847213102221.750000,1368.914286,1916453.742857,4009627172975.657227,22.008599,37.248393
-3478.071429,12117813.885714,147847213102221.750000,1368.914286,1916453.742857,4009627172975.657227,22.008599,37.248393
-3478.071429,12117813.885714,147847213102221.750000,1368.914286,1916453.742857,4009627172975.657227,22.008599,37.248393
-3478.071429,12117813.885714,147847213102221.750000,1368.914286,1916453.742857,4009627172975.657227,22.008599,37.248393
-3478.071429,12117813.885714,147847213102221.750000,1368.914286,1916453.742857,4009627172975.657227,22.008599,37.248393
-3478.071429,12117813.885714,147847213102221.750000,1368.914286,1916453.742857,4009627172975.657227,22.008599,37.248393
-3478.071429,12117813.885714,147847213102221.750000,1368.914286,1916453.742857,4009627172975.657227,22.008599,37.248393
-3478.071429,12117813.885714,147847213102221.750000,1368.914286,1916453.742857,4009627172975.657227,22.008599,37.248393
-3478.071429,12117813.885714,147847213102221.750000,1368.914286,1916453.742857,4009627172975.657227,22.008599,37.248393
-3476.137931,12103938.979310,147490507482244.437500,1370.144828,1918619.765517,4008177920779.751953,21.323964,35.962082
-3476.137931,12103938.979310,147490507482244.437500,1370.144828,1918619.765517,4008177920779.751953,21.323964,35.962082
-3476.137931,12103938.979310,147490507482244.437500,1370.144828,1918619.765517,4008177920779.751953,21.323964,35.962082
-3476.137931,12103938.979310,147490507482244.437500,1370.144828,1918619.765517,4008177920779.751953,21.323964,35.962082
-3476.137931,12103938.979310,147490507482244.437500,1370.144828,1918619.765517,4008177920779.751953,21.323964,35.962082
-3476.137931,12103938.979310,147490507482244.437500,1370.144828,1918619.765517,4008177920779.751953,21.323964,35.962082
-3476.137931,12103938.979310,147490507482244.437500,1370.144828,1918619.765517,4008177920779.751953,21.323964,35.962082
-3476.137931,12103938.979310,147490507482244.437500,1370.144828,1918619.765517,4008177920779.751953,21.323964,35.962082
-3476.137931,12103938.979310,147490507482244.437500,1370.144828,1918619.765517,4008177920779.751953,21.323964,35.962082
-3476.137931,12103938.979310,147490507482244.437500,1370.144828,1918619.765517,4008177920779.751953,21.323964,35.962082
-3478.800000,12122228.906667,147923274966483.656250,1371.646667,1921479.746667,4008929473159.307129,20.772192,34.775117
-3478.800000,12122228.906667,147923274966483.656250,1371.646667,1921479.746667,4008929473159.307129,20.772192,34.775117
-3478.800000,12122228.906667,147923274966483.656250,1371.646667,1921479.746667,4008929473159.307129,20.772192,34.775117
-3478.800000,12122228.906667,147923274966483.656250,1371.646667,1921479.746667,4008929473159.307129,20.772192,34.775117
-3478.800000,12122228.906667,147923274966483.656250,1371.646667,1921479.746667,4008929473159.307129,20.772192,34.775117
-3478.800000,12122228.906667,147923274966483.656250,1371.646667,1921479.746667,4008929473159.307129,20.772192,34.775117
-3478.800000,12122228.906667,147923274966483.656250,1371.646667,1921479.746667,4008929473159.307129,20.772192,34.775117
-3478.800000,12122228.906667,147923274966483.656250,1371.646667,1921479.746667,4008929473159.307129,20.772192,34.775117
-3478.800000,12122228.906667,147923274966483.656250,1371.646667,1921479.746667,4008929473159.307129,20.772192,34.775117
-3478.800000,12122228.906667,147923274966483.656250,1371.646667,1921479.746667,4008929473159.307129,20.772192,34.775117
-3478.077419,12117124.696774,147795666577162.781250,1372.103226,1921781.987097,4002423862994.581055,20.103940,33.637736
-3478.077419,12117124.696774,147795666577162.781250,1372.103226,1921781.987097,4002423862994.581055,20.103940,33.637736
-3478.077419,12117124.696774,147795666577162.781250,1372.103226,1921781.987097,4002423862994.581055,20.103940,33.637736
-3478.077419,12117124.696774,147795666577162.781250,1372.103226,1921781.987097,4002423862994.581055,20.103940,33.637736
-3478.077419,12117124.696774,147795666577162.781250,1372.103226,1921781.987097,4002423862994.581055,20.103940,33.637736
-3478.077419,12117124.696774,147795666577162.781250,1372.103226,1921781.987097,4002423862994.581055,20.103940,33.637736
-3478.077419,12117124.696774,147795666577162.781250,1372.103226,1921781.987097,4002423862994.581055,20.103940,33.637736
-3478.077419,12117124.696774,147795666577162.781250,1372.103226,1921781.987097,4002423862994.581055,20.103940,33.637736
-3478.077419,12117124.696774,147795666577162.781250,1372.103226,1921781.987097,4002423862994.581055,20.103940,33.637736
-3478.077419,12117124.696774,147795666577162.781250,1372.103226,1921781.987097,4002423862994.581055,20.103940,33.637736
-3478.875000,12122300.400000,147903095375241.625000,1376.768750,1934229.262500,4047154361825.850586,19.481889,32.902064
-3478.875000,12122300.400000,147903095375241.625000,1376.768750,1934229.262500,4047154361825.850586,19.481889,32.902064
-3478.875000,12122300.400000,147903095375241.625000,1376.768750,1934229.262500,4047154361825.850586,19.481889,32.902064
-3478.875000,12122300.400000,147903095375241.625000,1376.768750,1934229.262500,4047154361825.850586,19.481889,32.902064
-3478.875000,12122300.400000,147903095375241.625000,1376.768750,1934229.262500,4047154361825.850586,19.481889,32.902064
-3478.875000,12122300.400000,147903095375241.625000,1376.768750,1934229.262500,4047154361825.850586,19.481889,32.902064
-3478.875000,12122300.400000,147903095375241.625000,1376.768750,1934229.262500,4047154361825.850586,19.481889,32.902064
-3478.875000,12122300.400000,147903095375241.625000,1376.768750,1934229.262500,4047154361825.850586,19.481889,32.902064
-3478.875000,12122300.400000,147903095375241.625000,1376.768750,1934229.262500,4047154361825.850586,19.481889,32.902064
-3478.875000,12122300.400000,147903095375241.625000,1376.768750,1934229.262500,4047154361825.850586,19.481889,32.902064
-3478.606061,12120119.127273,147835007035938.937500,1382.751515,1950836.024242,4112484372533.333984,18.884218,32.445808
-3478.606061,12120119.127273,147835007035938.937500,1382.751515,1950836.024242,4112484372533.333984,18.884218,32.445808
-3478.606061,12120119.127273,147835007035938.937500,1382.751515,1950836.024242,4112484372533.333984,18.884218,32.445808
-3478.606061,12120119.127273,147835007035938.937500,1382.751515,1950836.024242,4112484372533.333984,18.884218,32.445808
-3478.606061,12120119.127273,147835007035938.937500,1382.751515,1950836.024242,4112484372533.333984,18.884218,32.445808
-3478.606061,12120119.127273,147835007035938.937500,1382.751515,1950836.024242,4112484372533.333984,18.884218,32.445808
-3478.606061,12120119.127273,147835007035938.937500,1382.751515,1950836.024242,4112484372533.333984,18.884218,32.445808
-3478.606061,12120119.127273,147835007035938.937500,1382.751515,1950836.024242,4112484372533.333984,18.884218,32.445808
-3478.606061,12120119.127273,147835007035938.937500,1382.751515,1950836.024242,4112484372533.333984,18.884218,32.445808
-3478.606061,12120119.127273,147835007035938.937500,1382.751515,1950836.024242,4112484372533.333984,18.884218,32.445808
-3481.364706,12139169.600000,148290213108644.187500,1392.776471,1981001.623529,4254024482280.753906,18.526913,33.034904
-3481.364706,12139169.600000,148290213108644.187500,1392.776471,1981001.623529,4254024482280.753906,18.526913,33.034904
-3481.364706,12139169.600000,148290213108644.187500,1392.776471,1981001.623529,4254024482280.753906,18.526913,33.034904
-3481.364706,12139169.600000,148290213108644.187500,1392.776471,1981001.623529,4254024482280.753906,18.526913,33.034904
-3481.364706,12139169.600000,148290213108644.187500,1392.776471,1981001.623529,4254024482280.753906,18.526913,33.034904
-3481.364706,12139169.600000,148290213108644.187500,1392.776471,1981001.623529,4254024482280.753906,18.526913,33.034904
-3481.364706,12139169.600000,148290213108644.187500,1392.776471,1981001.623529,4254024482280.753906,18.526913,33.034904
-3481.364706,12139169.600000,148290213108644.187500,1392.776471,1981001.623529,4254024482280.753906,18.526913,33.034904
-3481.364706,12139169.600000,148290213108644.187500,1392.776471,1981001.623529,4254024482280.753906,18.526913,33.034904
-3481.364706,12139169.600000,148290213108644.187500,1392.776471,1981001.623529,4254024482280.753906,18.526913,33.034904
-3486.640000,12176524.937143,149230419782037.968750,1403.920000,2015256.342857,4421956854229.851562,18.747297,33.957662
-3486.640000,12176524.937143,149230419782037.968750,1403.920000,2015256.342857,4421956854229.851562,18.747297,33.957662
-3486.640000,12176524.937143,149230419782037.968750,1403.920000,2015256.342857,4421956854229.851562,18.747297,33.957662
-3486.640000,12176524.937143,149230419782037.968750,1403.920000,2015256.342857,4421956854229.851562,18.747297,33.957662
-3486.640000,12176524.937143,149230419782037.968750,1403.920000,2015256.342857,4421956854229.851562,18.747297,33.957662
-3486.640000,12176524.937143,149230419782037.968750,1403.920000,2015256.342857,4421956854229.851562,18.747297,33.957662
-3486.640000,12176524.937143,149230419782037.968750,1403.920000,2015256.342857,4421956854229.851562,18.747297,33.957662
-3486.640000,12176524.937143,149230419782037.968750,1403.920000,2015256.342857,4421956854229.851562,18.747297,33.957662
-3486.640000,12176524.937143,149230419782037.968750,1403.920000,2015256.342857,4421956854229.851562,18.747297,33.957662
-3486.640000,12176524.937143,149230419782037.968750,1403.920000,2015256.342857,4421956854229.851562,18.747297,33.957662
-3490.577778,12204235.377778,149918954723817.281250,1414.844444,2049100.288889,4590877716585.689453,18.639786,34.762105
-3490.577778,12204235.377778,149918954723817.281250,1414.844444,2049100.288889,4590877716585.689453,18.639786,34.762105
-3490.577778,12204235.377778,149918954723817.281250,1414.844444,2049100.288889,4590877716585.689453,18.639786,34.762105
-3490.577778,12204235.377778,149918954723817.281250,1414.844444,2049100.288889,4590877716585.689453,18.639786,34.762105
-3490.577778,12204235.377778,149918954723817.281250,1414.844444,2049100.288889,4590877716585.689453,18.639786,34.762105
-3490.577778,12204235.377778,149918954723817.281250,1414.844444,2049100.288889,4590877716585.689453,18.639786,34.762105
-3490.577778,12204235.377778,149918954723817.281250,1414.844444,2049100.288889,4590877716585.689453,18.639786,34.762105
-3490.577778,12204235.377778,149918954723817.281250,1414.844444,2049100.288889,4590877716585.689453,18.639786,34.762105
-3490.577778,12204235.377778,149918954723817.281250,1414.844444,2049100.288889,4590877716585.689453,18.639786,34.762105
-3490.577778,12204235.377778,149918954723817.281250,1414.844444,2049100.288889,4590877716585.689453,18.639786,34.762105
-3492.735135,12219092.756757,150271989844668.218750,1422.951351,2073304.627027,4702471640423.697266,18.256922,34.767898
-3492.735135,12219092.756757,150271989844668.218750,1422.951351,2073304.627027,4702471640423.697266,18.256922,34.767898
-3492.735135,12219092.756757,150271989844668.218750,1422.951351,2073304.627027,4702471640423.697266,18.256922,34.767898
-3492.735135,12219092.756757,150271989844668.218750,1422.951351,2073304.627027,4702471640423.697266,18.256922,34.767898
-3492.735135,12219092.756757,150271989844668.218750,1422.951351,2073304.627027,4702471640423.697266,18.256922,34.767898
-3492.735135,12219092.756757,150271989844668.218750,1422.951351,2073304.627027,4702471640423.697266,18.256922,34.767898
-3492.735135,12219092.756757,150271989844668.218750,1422.951351,2073304.627027,4702471640423.697266,18.256922,34.767898
-3492.735135,12219092.756757,150271989844668.218750,1422.951351,2073304.627027,4702471640423.697266,18.256922,34.767898
-3492.735135,12219092.756757,150271989844668.218750,1422.951351,2073304.627027,4702471640423.697266,18.256922,34.767898
-3492.735135,12219092.756757,150271989844668.218750,1422.951351,2073304.627027,4702471640423.697266,18.256922,34.767898
-3499.915789,12271048.000000,151639101181441.375000,1436.094737,2116089.094737,4940180699349.726562,19.165962,36.303360
-3499.915789,12271048.000000,151639101181441.375000,1436.094737,2116089.094737,4940180699349.726562,19.165962,36.303360
-3499.915789,12271048.000000,151639101181441.375000,1436.094737,2116089.094737,4940180699349.726562,19.165962,36.303360
-3499.915789,12271048.000000,151639101181441.375000,1436.094737,2116089.094737,4940180699349.726562,19.165962,36.303360
-3499.915789,12271048.000000,151639101181441.375000,1436.094737,2116089.094737,4940180699349.726562,19.165962,36.303360
-3499.915789,12271048.000000,151639101181441.375000,1436.094737,2116089.094737,4940180699349.726562,19.165962,36.303360
-3499.915789,12271048.000000,151639101181441.375000,1436.094737,2116089.094737,4940180699349.726562,19.165962,36.303360
-3499.915789,12271048.000000,151639101181441.375000,1436.094737,2116089.094737,4940180699349.726562,19.165962,36.303360
-3499.915789,12271048.000000,151639101181441.375000,1436.094737,2116089.094737,4940180699349.726562,19.165962,36.303360
-3499.915789,12271048.000000,151639101181441.375000,1436.094737,2116089.094737,4940180699349.726562,19.165962,36.303360
-3507.610256,12327068.061538,153132215481422.781250,1450.271795,2163433.589744,5218639375144.328125,20.191614,38.096411
-3507.610256,12327068.061538,153132215481422.781250,1450.271795,2163433.589744,5218639375144.328125,20.191614,38.096411
-3507.610256,12327068.061538,153132215481422.781250,1450.271795,2163433.589744,5218639375144.328125,20.191614,38.096411
-3507.610256,12327068.061538,153132215481422.781250,1450.271795,2163433.589744,5218639375144.328125,20.191614,38.096411
-3507.610256,12327068.061538,153132215481422.781250,1450.271795,2163433.589744,5218639375144.328125,20.191614,38.096411
-3507.610256,12327068.061538,153132215481422.781250,1450.271795,2163433.589744,5218639375144.328125,20.191614,38.096411
-3507.610256,12327068.061538,153132215481422.781250,1450.271795,2163433.589744,5218639375144.328125,20.191614,38.096411
-3507.610256,12327068.061538,153132215481422.781250,1450.271795,2163433.589744,5218639375144.328125,20.191614,38.096411
-3507.610256,12327068.061538,153132215481422.781250,1450.271795,2163433.589744,5218639375144.328125,20.191614,38.096411
-3507.610256,12327068.061538,153132215481422.781250,1450.271795,2163433.589744,5218639375144.328125,20.191614,38.096411
-3513.410000,12368557.080000,154197392833253.781250,1462.860000,2204962.520000,5456648756998.880859,20.517145,39.207558
-3513.410000,12368557.080000,154197392833253.781250,1462.860000,2204962.520000,5456648756998.880859,20.517145,39.207558
-3513.410000,12368557.080000,154197392833253.781250,1462.860000,2204962.520000,5456648756998.880859,20.517145,39.207558
-3513.410000,12368557.080000,154197392833253.781250,1462.860000,2204962.520000,5456648756998.880859,20.517145,39.207558
-3513.410000,12368557.080000,154197392833253.781250,1462.860000,2204962.520000,5456648756998.880859,20.517145,39.207558
-3513.410000,12368557.080000,154197392833253.781250,1462.860000,2204962.520000,5456648756998.880859,20.517145,39.207558
-3513.410000,12368557.080000,154197392833253.781250,1462.860000,2204962.520000,5456648756998.880859,20.517145,39.207558
-3513.410000,12368557.080000,154197392833253.781250,1462.860000,2204962.520000,5456648756998.880859,20.517145,39.207558
-3513.410000,12368557.080000,154197392833253.781250,1462.860000,2204962.520000,5456648756998.880859,20.517145,39.207558
-3513.410000,12368557.080000,154197392833253.781250,1462.860000,2204962.520000,5456648756998.880859,20.517145,39.207558
-3518.380488,12404050.731707,155105614264587.250000,1473.985366,2241080.731707,5656061052464.820312,20.618552,39.824859
-3518.380488,12404050.731707,155105614264587.250000,1473.985366,2241080.731707,5656061052464.820312,20.618552,39.824859
-3518.380488,12404050.731707,155105614264587.250000,1473.985366,2241080.731707,5656061052464.820312,20.618552,39.824859
-3518.380488,12404050.731707,155105614264587.250000,1473.985366,2241080.731707,5656061052464.820312,20.618552,39.824859
-3518.380488,12404050.731707,155105614264587.250000,1473.985366,2241080.731707,5656061052464.820312,20.618552,39.824859
-3518.380488,12404050.731707,155105614264587.250000,1473.985366,2241080.731707,5656061052464.820312,20.618552,39.824859
-3518.380488,12404050.731707,155105614264587.250000,1473.985366,2241080.731707,5656061052464.820312,20.618552,39.824859
-3518.380488,12404050.731707,155105614264587.250000,1473.985366,2241080.731707,5656061052464.820312,20.618552,39.824859
-3518.380488,12404050.731707,155105614264587.250000,1473.985366,2241080.731707,5656061052464.820312,20.618552,39.824859
-3518.380488,12404050.731707,155105614264587.250000,1473.985366,2241080.731707,5656061052464.820312,20.618552,39.824859
-3522.333333,12432246.895238,155826522302406.093750,1482.500000,2267857.552381,5794626540273.638672,20.506234,39.786853
-3522.333333,12432246.895238,155826522302406.093750,1482.500000,2267857.552381,5794626540273.638672,20.506234,39.786853
-3522.333333,12432246.895238,155826522302406.093750,1482.500000,2267857.552381,5794626540273.638672,20.506234,39.786853
-3522.333333,12432246.895238,155826522302406.093750,1482.500000,2267857.552381,5794626540273.638672,20.506234,39.786853
-3522.333333,12432246.895238,155826522302406.093750,1482.500000,2267857.552381,5794626540273.638672,20.506234,39.786853
-3522.333333,12432246.895238,155826522302406.093750,1482.500000,2267857.552381,5794626540273.638672,20.506234,39.786853
-3522.333333,12432246.895238,155826522302406.093750,1482.500000,2267857.552381,5794626540273.638672,20.506234,39.786853
-3522.333333,12432246.895238,155826522302406.093750,1482.500000,2267857.552381,5794626540273.638672,20.506234,39.786853
-3522.333333,12432246.895238,155826522302406.093750,1482.500000,2267857.552381,5794626540273.638672,20.506234,39.786853
-3522.333333,12432246.895238,155826522302406.093750,1482.500000,2267857.552381,5794626540273.638672,20.506234,39.786853
-3526.353488,12460752.334884,156545203271522.218750,1490.232558,2291761.544186,5912929266090.791016,20.423243,39.612606
-3526.353488,12460752.334884,156545203271522.218750,1490.232558,2291761.544186,5912929266090.791016,20.423243,39.612606
-3526.353488,12460752.334884,156545203271522.218750,1490.232558,2291761.544186,5912929266090.791016,20.423243,39.612606
-3526.353488,12460752.334884,156545203271522.218750,1490.232558,2291761.544186,5912929266090.791016,20.423243,39.612606
-3526.353488,12460752.334884,156545203271522.218750,1490.232558,2291761.544186,5912929266090.791016,20.423243,39.612606
-3526.353488,12460752.334884,156545203271522.218750,1490.232558,2291761.544186,5912929266090.791016,20.423243,39.612606
-3526.353488,12460752.334884,156545203271522.218750,1490.232558,2291761.544186,5912929266090.791016,20.423243,39.612606
-3526.353488,12460752.334884,156545203271522.218750,1490.232558,2291761.544186,5912929266090.791016,20.423243,39.612606
-3526.353488,12460752.334884,156545203271522.218750,1490.232558,2291761.544186,5912929266090.791016,20.423243,39.612606
-3526.353488,12460752.334884,156545203271522.218750,1490.232558,2291761.544186,5912929266090.791016,20.423243,39.612606
-3529.463636,12482778.509091,157099839708472.437500,1500.054545,2323742.127273,6090606062074.253906,20.194613,39.928744
-3529.463636,12482778.509091,157099839708472.437500,1500.054545,2323742.127273,6090606062074.253906,20.194613,39.928744
-3529.463636,12482778.509091,157099839708472.437500,1500.054545,2323742.127273,6090606062074.253906,20.194613,39.928744
-3529.463636,12482778.509091,157099839708472.437500,1500.054545,2323742.127273,6090606062074.253906,20.194613,39.928744
-3529.463636,12482778.509091,157099839708472.437500,1500.054545,2323742.127273,6090606062074.253906,20.194613,39.928744
-3529.463636,12482778.509091,157099839708472.437500,1500.054545,2323742.127273,6090606062074.253906,20.194613,39.928744
-3529.463636,12482778.509091,157099839708472.437500,1500.054545,2323742.127273,6090606062074.253906,20.194613,39.928744
-3529.463636,12482778.509091,157099839708472.437500,1500.054545,2323742.127273,6090606062074.253906,20.194613,39.928744
-3529.463636,12482778.509091,157099839708472.437500,1500.054545,2323742.127273,6090606062074.253906,20.194613,39.928744
-3529.463636,12482778.509091,157099839708472.437500,1500.054545,2323742.127273,6090606062074.253906,20.194613,39.928744
-3535.626667,12527624.817778,158293285191315.906250,1511.226667,2361288.284444,6313930645116.871094,20.680423,40.598804
-3535.626667,12527624.817778,158293285191315.906250,1511.226667,2361288.284444,6313930645116.871094,20.680423,40.598804
-3535.626667,12527624.817778,158293285191315.906250,1511.226667,2361288.284444,6313930645116.871094,20.680423,40.598804
-3535.626667,12527624.817778,158293285191315.906250,1511.226667,2361288.284444,6313930645116.871094,20.680423,40.598804
-3535.626667,12527624.817778,158293285191315.906250,1511.226667,2361288.284444,6313930645116.871094,20.680423,40.598804
-3535.626667,12527624.817778,158293285191315.906250,1511.226667,2361288.284444,6313930645116.871094,20.680423,40.598804
-3535.626667,12527624.817778,158293285191315.906250,1511.226667,2361288.284444,6313930645116.871094,20.680423,40.598804
-3535.626667,12527624.817778,158293285191315.906250,1511.226667,2361288.284444,6313930645116.871094,20.680423,40.598804
-3535.626667,12527624.817778,158293285191315.906250,1511.226667,2361288.284444,6313930645116.871094,20.680423,40.598804
-3535.626667,12527624.817778,158293285191315.906250,1511.226667,2361288.284444,6313930645116.871094,20.680423,40.598804
-3539.208696,12553415.965217,158965791436108.250000,1519.334783,2387424.286957,6456909966925.250977,20.540595,40.525805
-3539.208696,12553415.965217,158965791436108.250000,1519.334783,2387424.286957,6456909966925.250977,20.540595,40.525805
-3539.208696,12553415.965217,158965791436108.250000,1519.334783,2387424.286957,6456909966925.250977,20.540595,40.525805
-3539.208696,12553415.965217,158965791436108.250000,1519.334783,2387424.286957,6456909966925.250977,20.540595,40.525805
-3539.208696,12553415.965217,158965791436108.250000,1519.334783,2387424.286957,6456909966925.250977,20.540595,40.525805
-3539.208696,12553415.965217,158965791436108.250000,1519.334783,2387424.286957,6456909966925.250977,20.540595,40.525805
-3539.208696,12553415.965217,158965791436108.250000,1519.334783,2387424.286957,6456909966925.250977,20.540595,40.525805
-3539.208696,12553415.965217,158965791436108.250000,1519.334783,2387424.286957,6456909966925.250977,20.540595,40.525805
-3539.208696,12553415.965217,158965791436108.250000,1519.334783,2387424.286957,6456909966925.250977,20.540595,40.525805
-3539.208696,12553415.965217,158965791436108.250000,1519.334783,2387424.286957,6456909966925.250977,20.540595,40.525805
-3539.787234,12557062.161702,159034717764401.562500,1524.919149,2404193.123404,6534288837558.603516,20.107135,40.045463
-3539.787234,12557062.161702,159034717764401.562500,1524.919149,2404193.123404,6534288837558.603516,20.107135,40.045463
-3539.787234,12557062.161702,159034717764401.562500,1524.919149,2404193.123404,6534288837558.603516,20.107135,40.045463
-3539.787234,12557062.161702,159034717764401.562500,1524.919149,2404193.123404,6534288837558.603516,20.107135,40.045463
-3539.787234,12557062.161702,159034717764401.562500,1524.919149,2404193.123404,6534288837558.603516,20.107135,40.045463
-3539.787234,12557062.161702,159034717764401.562500,1524.919149,2404193.123404,6534288837558.603516,20.107135,40.045463
-3539.787234,12557062.161702,159034717764401.562500,1524.919149,2404193.123404,6534288837558.603516,20.107135,40.045463
-3539.787234,12557062.161702,159034717764401.562500,1524.919149,2404193.123404,6534288837558.603516,20.107135,40.045463
-3539.787234,12557062.161702,159034717764401.562500,1524.919149,2404193.123404,6534288837558.603516,20.107135,40.045463
-3539.787234,12557062.161702,159034717764401.562500,1524.919149,2404193.123404,6534288837558.603516,20.107135,40.045463
-3540.541667,12561962.166667,159135447889109.843750,1530.641667,2421639.133333,6617887937468.532227,19.698232,39.617774
-3540.541667,12561962.166667,159135447889109.843750,1530.641667,2421639.133333,6617887937468.532227,19.698232,39.617774
-3540.541667,12561962.166667,159135447889109.843750,1530.641667,2421639.133333,6617887937468.532227,19.698232,39.617774
-3540.541667,12561962.166667,159135447889109.843750,1530.641667,2421639.133333,6617887937468.532227,19.698232,39.617774
-3540.541667,12561962.166667,159135447889109.843750,1530.641667,2421639.133333,6617887937468.532227,19.698232,39.617774
-3540.541667,12561962.166667,159135447889109.843750,1530.641667,2421639.133333,6617887937468.532227,19.698232,39.617774
-3540.541667,12561962.166667,159135447889109.843750,1530.641667,2421639.133333,6617887937468.532227,19.698232,39.617774
-3540.541667,12561962.166667,159135447889109.843750,1530.641667,2421639.133333,6617887937468.532227,19.698232,39.617774
-3540.541667,12561962.166667,159135447889109.843750,1530.641667,2421639.133333,6617887937468.532227,19.698232,39.617774
-3540.541667,12561962.166667,159135447889109.843750,1530.641667,2421639.133333,6617887937468.532227,19.698232,39.617774
-3542.342857,12574461.355102,159436491498620.843750,1537.171429,2442187.730612,6723760566223.313477,19.375941,39.346434
-3542.342857,12574461.355102,159436491498620.843750,1537.171429,2442187.730612,6723760566223.313477,19.375941,39.346434
-3542.342857,12574461.355102,159436491498620.843750,1537.171429,2442187.730612,6723760566223.313477,19.375941,39.346434
-3542.342857,12574461.355102,159436491498620.843750,1537.171429,2442187.730612,6723760566223.313477,19.375941,39.346434
-3542.342857,12574461.355102,159436491498620.843750,1537.171429,2442187.730612,6723760566223.313477,19.375941,39.346434
-3542.342857,12574461.355102,159436491498620.843750,1537.171429,2442187.730612,6723760566223.313477,19.375941,39.346434
-3542.342857,12574461.355102,159436491498620.843750,1537.171429,2442187.730612,6723760566223.313477,19.375941,39.346434
-3542.342857,12574461.355102,159436491498620.843750,1537.171429,2442187.730612,6723760566223.313477,19.375941,39.346434
-3542.342857,12574461.355102,159436491498620.843750,1537.171429,2442187.730612,6723760566223.313477,19.375941,39.346434
-3542.342857,12574461.355102,159436491498620.843750,1537.171429,2442187.730612,6723760566223.313477,19.375941,39.346434
-3544.104000,12586644.512000,159727931252693.500000,1542.396000,2458121.128000,6800282092286.367188,19.065981,38.903886
